{"quizlist":[
	{
	"question":"Pitanje 1 - Ko je igrao u filmu Ko to tamo peva?",
	"option1":"AleksandarBercek.jpg",
	"option2":"AlenNuri.jpg",
	"option3":"AnicaDobra.jpg"
	},
	{
	"question":"Pitanje 2 - Ko je igrao u filmu Ko to tamo peva?",
	"option1":"AleksandarBercek.jpg",
	"option2":"AlenNuri.jpg",
	"option3":"BataStojkovic.jpg"
	},
	{
	"question":"Pitanje 3 - Ko je igrao u filmu Gde je Nadja?",
	"option1":"AnicaDobra.jpg",
	"option2":"JelisavetaSablic.jpg",
	"option3":"RuzicaSokic.jpg"
	},
	{
	"question":"Pitanje 4 - Ko je igrao u filmu &#268;uvar Plaze?",
	"option1":"BataStojkovic.jpg",
	"option2":"BataZivojinovic.jpg",
	"option3":"BogdanDiklic.jpg"
	}

]
}
