{"quizlist":[

	{
	"question":"Gde je sniman film Miris Poljskog cve&#263;a?",
  "option1":"U &#352;arengradu",
  "option2":"U Drvengradu",
	"option3":"U Andri&#263;gradu"
	},
	{
	"question":"Ko u filmu Maratonci tr&#269;e  po&#269;asni <br> krug igra  ulogu Djenke?",
  "option1":"Bora Todorovi&#263;",
  "option2":"Dragan Nikoli&#263;",
	"option3":"Bogdan Dikli&#263;"

	},
	{
	"question":"Pesmu Santa Maria della salute je napisao:",
	"option1":"Laza Kosti&#263;",
  "option2":"Djura Jak&#353;i&#263;",
  "option3":"Aleksa &#352;anti&#263;"
},
{
"question":"Zvani&#269;no, jedan on najboljih mladih glumaca Evrope je <br> srpski glumac:",
"option1":"Nikola Rako&#269;evi&#263;",
"option2":"Vuk Kosti&#263;",
"option3":"Stefan Vuki&#263;"
},
{
"question":"Puno ime Bate Stojkovi&#263;a je:",
"option1":"Danilo Bata Stojkovi&#263;",
"option2":"Dragoljub Bata Stojkovi&#263;",
"option3":"Dimitrije Bata Stojkovi&#263;"
},
{
"question":"&#268;uvena sestra jo&#353; &#269;uvenijeg glumca Bore Todorovi&#263;a je:",
"option1":"Mira Stupica",
"option2":"Mira Karanovi&#263;",
"option3":"Mira Banjac"
},

{
"question":"Alen Nuri je :",
"option1":"francuski glumac",
"option2":"italijanski glumac",
"option3":"albanski glumac"
},

{
"question":"Za koji od slede&#263;ih  kultnih filmova Du&#353;an Kova&#269;evi&#263; nije <br> pisao scenario:",
"option1":"Se&#263;a&#353; li se Doli Bel",
"option2":"Maratonci tr&#269;e po&#269;asni krug",
"option3":"Balkanski &#353;pijun"
},

{
"question":"Koju je titulu imao &#269;uveni vojskovodja &#381;ivojin Mi&#353;i&#263;?",
"option1":"Vojvoda",
"option2":"General",
"option3":"Mar&#353;al"
},

{
"question":"Koliko je mladih re&#382;isera radilo na filmu &apos;Gde je Nadja&apos;?",
"option1":"8",
"option2":"6",
"option3":"7"
}

]
}
